<?xml version="1.0" encoding="ISO-8859-1"?>
<!DOCTYPE FiagonUIStates>
<Data>
  <Meta>
    <ApplicationID>{0cf0369a-2040-48b3-96a3-52bb69e1238b}</ApplicationID>
    <Version>4430.27</Version>
    <Modified>20210917-070418230</Modified>
  </Meta>
  <States>
    <MainWindow>
      <UIStateElement ID="0.4.1.3.1.2" Name="Quad2By2ViewWidget" Type="Core::Quad2By2ViewWidget">
        <Style>0</Style>
        <MainSplitter>516/515</MainSplitter>
        <UpperSubSplitter>959/959</UpperSubSplitter>
        <LowerSubSplitter>959/959</LowerSubSplitter>
        <IsViewMaximized>0</IsViewMaximized>
        <UIStateElement ID="0.4.1.3.1.2.1.0.0.1.0" Name="SceneOrthoView" Type="Core::SceneOrthoView">
          <TypeID>{99a1ec78-513a-4a58-84d2-ae914ff0555c}</TypeID>
          <Camera>
            <ObjectRCamera E02="0" E20="0" E21="0" E22="-1" E10="0" E11="1" E12="0" E00="-1" E01="0"/>
          </Camera>
        </UIStateElement>
        <UIStateElement ID="0.4.1.3.1.2.1.1.0.1.0" Name="SceneOrthoView" Type="Core::SceneOrthoView">
          <TypeID>{1606c8d2-7d0e-4b4a-9c7a-ee51ee295619}</TypeID>
          <Camera>
            <ObjectRCamera E02="0" E20="0" E21="0" E22="1" E10="0" E11="1" E12="0" E00="1" E01="0"/>
          </Camera>
        </UIStateElement>
        <UIStateElement ID="0.4.1.3.1.2.1.1.1.1.0" Name="SceneOrthoView" Type="Core::SceneOrthoView">
          <TypeID>{b76c42c6-37ca-4f43-b267-6aa0372a47c6}</TypeID>
          <Camera>
            <ObjectRCamera E02="0" E20="0" E21="0" E22="-1" E10="0" E11="1" E12="0" E00="-1" E01="0"/>
          </Camera>
        </UIStateElement>
      </UIStateElement>
      <UIStateElement ID="0.4.1.4.1.2" Name="Quad2By2ViewWidget" Type="Core::Quad2By2ViewWidget">
        <Style>0</Style>
        <MainSplitter>516/515</MainSplitter>
        <UpperSubSplitter>959/959</UpperSubSplitter>
        <LowerSubSplitter>959/959</LowerSubSplitter>
        <IsViewMaximized>0</IsViewMaximized>
        <UIStateElement ID="0.4.1.4.1.2.1.0.0.1.0" Name="SceneOrthoView" Type="Core::SceneOrthoView">
          <TypeID>{99a1ec78-513a-4a58-84d2-ae914ff0555c}</TypeID>
          <Camera>
            <ObjectRCamera E02="0" E20="0" E21="0" E22="-1" E10="0" E11="1" E12="0" E00="-1" E01="0"/>
          </Camera>
        </UIStateElement>
        <UIStateElement ID="0.4.1.4.1.2.1.1.0.1.0" Name="SceneOrthoView" Type="Core::SceneOrthoView">
          <TypeID>{1606c8d2-7d0e-4b4a-9c7a-ee51ee295619}</TypeID>
          <Camera>
            <ObjectRCamera E02="0" E20="0" E21="0" E22="1" E10="0" E11="1" E12="0" E00="1" E01="0"/>
          </Camera>
        </UIStateElement>
        <UIStateElement ID="0.4.1.4.1.2.1.1.1.1.0" Name="SceneOrthoView" Type="Core::SceneOrthoView">
          <TypeID>{b76c42c6-37ca-4f43-b267-6aa0372a47c6}</TypeID>
          <Camera>
            <ObjectRCamera E02="0" E20="0" E21="0" E22="-1" E10="0" E11="1" E12="0" E00="-1" E01="0"/>
          </Camera>
        </UIStateElement>
      </UIStateElement>
      <UIStateElement ID="0.4.1.5.1.2" Name="Quad1Plus3ViewWidget" Type="Core::Quad1Plus3ViewWidget">
        <Style>1</Style>
        <MainSplitter>905/453</MainSplitter>
        <SubSplitter>239/239/239</SubSplitter>
        <IsViewMaximized>0</IsViewMaximized>
        <UIStateElement ID="0.4.1.5.1.2.1.1.0.1.0" Name="SceneOrthoView" Type="Core::SceneOrthoView">
          <TypeID>{b76c42c6-37ca-4f43-b267-6aa0372a47c6}</TypeID>
          <Camera>
            <ObjectRCamera E02="0" E20="0" E21="0" E22="-1" E10="0" E11="1" E12="0" E00="-1" E01="0"/>
          </Camera>
        </UIStateElement>
        <UIStateElement ID="0.4.1.5.1.2.1.1.1.1.0" Name="SceneOrthoView" Type="Core::SceneOrthoView">
          <TypeID>{1606c8d2-7d0e-4b4a-9c7a-ee51ee295619}</TypeID>
          <Camera>
            <ObjectRCamera E02="0" E20="0" E21="0" E22="1" E10="0" E11="1" E12="0" E00="1" E01="0"/>
          </Camera>
        </UIStateElement>
        <UIStateElement ID="0.4.1.5.1.2.1.1.2.1.0" Name="SceneOrthoView" Type="Core::SceneOrthoView">
          <TypeID>{99a1ec78-513a-4a58-84d2-ae914ff0555c}</TypeID>
          <Camera>
            <ObjectRCamera E02="0" E20="0" E21="0" E22="-1" E10="0" E11="1" E12="0" E00="-1" E01="0"/>
          </Camera>
        </UIStateElement>
      </UIStateElement>
      <UIStateElement ID="0.4.1.6.1.2" Name="Quad1Plus3ViewWidget" Type="Core::Quad1Plus3ViewWidget">
        <Style>1</Style>
        <MainSplitter>905/453</MainSplitter>
        <SubSplitter>239/239/239</SubSplitter>
        <IsViewMaximized>0</IsViewMaximized>
        <UIStateElement ID="0.4.1.6.1.2.1.1.0.1.0" Name="SceneOrthoView" Type="Core::SceneOrthoView">
          <TypeID>{99a1ec78-513a-4a58-84d2-ae914ff0555c}</TypeID>
          <Camera>
            <ObjectRCamera E02="0" E20="0" E21="0" E22="-1" E10="0" E11="1" E12="0" E00="-1" E01="0"/>
          </Camera>
        </UIStateElement>
        <UIStateElement ID="0.4.1.6.1.2.1.1.1.1.0" Name="SceneOrthoView" Type="Core::SceneOrthoView">
          <TypeID>{b76c42c6-37ca-4f43-b267-6aa0372a47c6}</TypeID>
          <Camera>
            <ObjectRCamera E02="0" E20="0" E21="0" E22="-1" E10="0" E11="1" E12="0" E00="-1" E01="0"/>
          </Camera>
        </UIStateElement>
        <UIStateElement ID="0.4.1.6.1.2.1.1.2.1.0" Name="SceneOrthoView" Type="Core::SceneOrthoView">
          <TypeID>{1606c8d2-7d0e-4b4a-9c7a-ee51ee295619}</TypeID>
          <Camera>
            <ObjectRCamera E02="0" E20="0" E21="0" E22="1" E10="0" E11="1" E12="0" E00="1" E01="0"/>
          </Camera>
        </UIStateElement>
      </UIStateElement>
      <UIStateElement ID="0.4.1.7.1.2" Name="DualWithImageViewWidget" Type="Core::DualWithImageViewWidget">
        <Style>9</Style>
        <MainSplitter>502/529</MainSplitter>
        <SubSplitter>640/1278</SubSplitter>
        <IsViewMaximized>0</IsViewMaximized>
        <UIStateElement ID="0.4.1.7.1.2.1.1.0.1.0" Name="RealSenseVideoSourceView" Type="Core::RealSenseVideoSourceView">
          <TypeID>{1e9d6c24-7876-4959-834b-18b51d1a900a}</TypeID>
          <Camera Rotate180Degree="0"/>
        </UIStateElement>
      </UIStateElement>
    </MainWindow>
    <RemoteWindow/>
    <InternalsWindow/>
  </States>
</Data>
